poi_id,ict_id,radio_type,ground_distance,antenna_los_distance,azimuth_angle,geometry,is_visible,num_visible,order
23dd6a45-3656-435b-b3b1-c16efab9daeb,f7412e93-8fb4-4abf-a298-8fb0876a97f5,4G,1502,1503,189.86,"LINESTRING (1.561872175 39.00777101, 1.5588949736709776 38.994459016552206)",True,3,1
23dd6a45-3656-435b-b3b1-c16efab9daeb,ad9f5591-f2fd-4ec6-a35f-31c4fb8d7013,4G,1784,1784,269.23,"LINESTRING (1.561872175 39.00777101, 1.5412244794154777 39.00755451913546)",True,3,2
23dd6a45-3656-435b-b3b1-c16efab9daeb,4ea23bde-9f03-4e96-871d-59276323e1c2,3G,2598,2598,211.66,"LINESTRING (1.561872175 39.00777101, 1.546099731137311 38.98788510647062)",True,3,3
e13a657c-edf0-4013-92db-6c70136e3ac9,8a4cfe6a-ce1a-4096-84dc-be09b32b8567,4G,4814,4825,143.54,"LINESTRING (1.2754202 38.90685783, 1.3084716333709348 38.87203255905634)",True,1,1
de75c87b-2676-47be-8454-4c44c4e6f644,9429f910-1d6b-4e52-8bb4-6f331d21e7ee,4G,646,647,42.92,"LINESTRING (1.353724734 38.99313359, 1.3588171033359042 38.99738951073758)",True,3,1
de75c87b-2676-47be-8454-4c44c4e6f644,82e53aaa-57c5-4437-898c-3c8d5c2e8336,3G,1086,1087,207.77,"LINESTRING (1.353724734 38.99313359, 1.3478684724215728 38.98448764654776)",True,3,2
de75c87b-2676-47be-8454-4c44c4e6f644,2fb90cc1-38d3-4aa7-951c-b9a823a63822,4G,2346,2354,26.53,"LINESTRING (1.353724734 38.99313359, 1.3658495004119788 39.01200672696945)",True,3,3
4267fc81-0e9f-40ca-84c8-84529958dc22,0334328f-7fcf-4c40-8570-8a2587488d22,2G,1066,1066,45.86,"LINESTRING (1.525952107 39.00426587, 1.5348033104062826 39.010938799772056)",True,3,1
4267fc81-0e9f-40ca-84c8-84529958dc22,ad9f5591-f2fd-4ec6-a35f-31c4fb8d7013,4G,1369,1370,74.51,"LINESTRING (1.525952107 39.00426587, 1.5412244794154777 39.00755451913546)",True,3,2
4267fc81-0e9f-40ca-84c8-84529958dc22,bb91980b-c9bb-46ba-81f5-3f18f4540ef8,4G,2108,2108,42.61,"LINESTRING (1.525952107 39.00426587, 1.5424678462297283 39.01821607967085)",True,3,3
ae0ccc6e-5f91-4a58-a60b-68e8ebcdc797,9c3f9c22-3cdb-41ce-8c9d-f52ce96c4daa,4G,462,462,243.14,"LINESTRING (1.323312356 38.95676889, 1.318550784344911 38.9548935512878)",True,3,1
ae0ccc6e-5f91-4a58-a60b-68e8ebcdc797,c792a57c-917b-4ecf-8e8f-c89f26361d6b,4G,2404,2410,214.74,"LINESTRING (1.323312356 38.95676889, 1.3074686023842217 38.93899999540557)",True,3,3
ae0ccc6e-5f91-4a58-a60b-68e8ebcdc797,1fd92561-71d6-4f82-a50b-314eaeb2bb3a,4G,2273,2273,294.79,"LINESTRING (1.323312356 38.95676889, 1.2994456145350086 38.96533694633572)",True,3,2
eadb65ff-99dc-4bd3-bb21-619a55a73b34,9b7721b1-6a5e-43a2-8f80-1acb26fe8bc9,2G,836,836,162.31,"LINESTRING (1.427518529 38.9399882, 1.4304547494166149 38.932825348001465)",True,3,1
eadb65ff-99dc-4bd3-bb21-619a55a73b34,dfc3dbe8-ec80-4a71-9305-61a4384c91d6,4G,2361,2361,41.84,"LINESTRING (1.427518529 38.9399882, 1.4457286594381331 38.95580263820795)",True,3,2
eadb65ff-99dc-4bd3-bb21-619a55a73b34,67e2292b-3bf5-4de7-b734-38b4ad706039,4G,2556,2557,66.67,"LINESTRING (1.427518529 38.9399882, 1.4546617249181488 38.94908719708347)",True,3,3
8d7cbf69-616c-435f-a1bf-b46db1f2b1a2,,,,,,,False,0,1
35e45aa4-2e7b-47e3-8157-7f6caa51b3f2,f448eb06-a5b3-4343-859c-5a2d27ffe253,3G,5310,5310,337.86,"LINESTRING (1.370773233 38.83495517, 1.3476573236181475 38.879183893491856)",True,3,1
35e45aa4-2e7b-47e3-8157-7f6caa51b3f2,1dd90c1d-0d75-418a-a917-ce7bb138c9c9,4G,5619,5619,337.47,"LINESTRING (1.370773233 38.83495517, 1.3459036381013685 38.881627533633335)",True,3,2
35e45aa4-2e7b-47e3-8157-7f6caa51b3f2,1f80e199-c0dd-4090-944a-d857d689ee0f,3G,5656,5656,317.07,"LINESTRING (1.370773233 38.83495517, 1.3262742986742686 38.8721881823533)",True,3,3
e568a45b-e0bc-49cd-82c0-a64c1da4fb0e,b73da8f1-6805-465c-813c-48d491331849,3G,1198,1199,3.1,"LINESTRING (1.418358779 38.97066928, 1.4191074273650623 38.98142782247335)",True,3,1
e568a45b-e0bc-49cd-82c0-a64c1da4fb0e,23131082-f9bf-4ab5-91b3-23111c4bf241,4G,1643,1645,93.96,"LINESTRING (1.418358779 38.97066928, 1.437323756024553 38.96964746065793)",True,3,2
e568a45b-e0bc-49cd-82c0-a64c1da4fb0e,0222b6a7-350c-46b2-95fd-a3e1c61ee847,4G,1853,1853,68.9,"LINESTRING (1.418358779 38.97066928, 1.4383532678871531 38.97666489861615)",True,3,3
249cd328-89bc-4d29-a98f-1c733aae4201,82e53aaa-57c5-4437-898c-3c8d5c2e8336,3G,512,513,272.32,"LINESTRING (1.353788387 38.98430143, 1.3478684724215728 38.98448764654776)",True,3,1
249cd328-89bc-4d29-a98f-1c733aae4201,9429f910-1d6b-4e52-8bb4-6f331d21e7ee,4G,1519,1519,16.63,"LINESTRING (1.353788387 38.98430143, 1.3588171033359042 38.99738951073758)",True,3,2
249cd328-89bc-4d29-a98f-1c733aae4201,144e8fc3-5bbf-4867-b6e7-67dac7dad7e4,4G,1646,1646,132.21,"LINESTRING (1.353788387 38.98430143, 1.3678924622333437 38.97435594411141)",True,3,3
feaecc5f-7357-48b4-9cc8-a845d67ecb4c,144e8fc3-5bbf-4867-b6e7-67dac7dad7e4,4G,1352,1352,34.37,"LINESTRING (1.359063479 38.96432194, 1.3678924622333437 38.97435594411141)",True,3,1
feaecc5f-7357-48b4-9cc8-a845d67ecb4c,786cabc6-e800-409d-931f-fe3d1e33b522,4G,1506,1506,51.55,"LINESTRING (1.359063479 38.96432194, 1.3727026472159556 38.97274207311786)",True,3,2
feaecc5f-7357-48b4-9cc8-a845d67ecb4c,82e53aaa-57c5-4437-898c-3c8d5c2e8336,3G,2442,2443,336.66,"LINESTRING (1.359063479 38.96432194, 1.3478684724215728 38.98448764654776)",True,3,3
fa2f7383-f6dd-4b0e-9db6-269f8f5d4a17,5e5a6033-d6d3-452d-870a-2f2b95388811,3G,538,538,79.25,"LINESTRING (1.391227572 38.9608426, 1.397337762626169 38.96174468225223)",True,3,1
fa2f7383-f6dd-4b0e-9db6-269f8f5d4a17,dcd0ccdd-5496-41bc-bf1f-94f983a16853,4G,760,762,216.95,"LINESTRING (1.391227572 38.9608426, 1.3859462474310846 38.9553818576673)",True,3,2
fa2f7383-f6dd-4b0e-9db6-269f8f5d4a17,cf18352b-f1f9-47e4-877a-8cc1b7cca651,4G,1651,1652,335.68,"LINESTRING (1.391227572 38.9608426, 1.3833604193535785 38.974372986696494)",True,3,3
c961624c-546e-4375-8360-6d75bc188022,,,,,,,False,0,1
1914138c-459b-4d5d-8aff-23f1aca8965c,dfc3dbe8-ec80-4a71-9305-61a4384c91d6,4G,412,413,317.79,"LINESTRING (1.448931843 38.95305666, 1.4457286594381331 38.95580263820795)",True,3,1
1914138c-459b-4d5d-8aff-23f1aca8965c,67e2292b-3bf5-4de7-b734-38b4ad706039,4G,664,664,131.69,"LINESTRING (1.448931843 38.95305666, 1.4546617249181488 38.94908719708347)",True,3,2
1914138c-459b-4d5d-8aff-23f1aca8965c,23131082-f9bf-4ab5-91b3-23111c4bf241,4G,2100,2100,331.46,"LINESTRING (1.448931843 38.95305666, 1.437323756024553 38.96964746065793)",True,3,3
ef6eb534-04e9-4265-bc5b-1543f3452634,86818972-6723-46e5-9916-af01c2be5383,4G,1213,65540,156.72,"LINESTRING (1.378797427 38.88051984, 1.384334677393355 38.87050132158264)",True,3,3
ef6eb534-04e9-4265-bc5b-1543f3452634,a4c3eba3-efee-4b4a-86aa-08e76a013113,4G,1198,1198,250.98,"LINESTRING (1.378797427 38.88051984, 1.365715302334365 38.87700757837964)",True,3,2
ef6eb534-04e9-4265-bc5b-1543f3452634,4de24eb6-f9ad-4f93-95ea-d39d19d57de0,4G,1196,1196,76.01,"LINESTRING (1.378797427 38.88051984, 1.3922060476891158 38.88311876253912)",True,3,1
304e1e26-439a-45fb-8837-9a38fdc6ec41,9b7721b1-6a5e-43a2-8f80-1acb26fe8bc9,2G,1802,1802,319.72,"LINESTRING (1.443926473 38.92045977, 1.4304547494166149 38.932825348001465)",True,3,1
304e1e26-439a-45fb-8837-9a38fdc6ec41,d3943d1d-2fd9-4e0e-82b3-e0d977692844,4G,1915,1916,66.45,"LINESTRING (1.443926473 38.92045977, 1.464216761368047 38.92733764400614)",True,3,2
304e1e26-439a-45fb-8837-9a38fdc6ec41,67e2292b-3bf5-4de7-b734-38b4ad706039,4G,3316,3317,16.26,"LINESTRING (1.443926473 38.92045977, 1.4546617249181488 38.94908719708347)",True,3,3
07514ee2-1dd3-4e93-a5fb-8a1a70b64edd,e7356954-eb7e-444d-adde-ea48e0e81129,3G,2330,2330,98.92,"LINESTRING (1.566748446 39.04410963, 1.593396738478233 39.04085669495776)",True,2,1
07514ee2-1dd3-4e93-a5fb-8a1a70b64edd,a2f0e1d1-0db2-40ba-adb9-c59a1b1fbc8f,4G,4679,4680,42.53,"LINESTRING (1.566748446 39.04410963, 1.6033916796911398 39.075115914928745)",True,2,2
955bca73-4483-45af-ae38-adddd0751bf7,0222b6a7-350c-46b2-95fd-a3e1c61ee847,4G,551,551,247.68,"LINESTRING (1.444245643 38.9785459, 1.4383532678871531 38.97666489861615)",True,3,1
955bca73-4483-45af-ae38-adddd0751bf7,23131082-f9bf-4ab5-91b3-23111c4bf241,4G,1156,1157,211.17,"LINESTRING (1.444245643 38.9785459, 1.437323756024553 38.96964746065793)",True,3,2
955bca73-4483-45af-ae38-adddd0751bf7,dfc3dbe8-ec80-4a71-9305-61a4384c91d6,4G,2532,2533,177.1,"LINESTRING (1.444245643 38.9785459, 1.4457286594381331 38.95580263820795)",True,3,3
5529ea39-d40f-4c80-a308-07fe2fb85cfa,22d699dd-ade7-497f-9730-432fa3700c46,3G,1160,1165,89.5,"LINESTRING (1.366680989 38.90620842, 1.3800854230256565 38.9062992785694)",True,3,1
5529ea39-d40f-4c80-a308-07fe2fb85cfa,a4c3eba3-efee-4b4a-86aa-08e76a013113,4G,3248,3252,181.47,"LINESTRING (1.366680989 38.90620842, 1.365715302334365 38.87700757837964)",True,3,2
5529ea39-d40f-4c80-a308-07fe2fb85cfa,4de24eb6-f9ad-4f93-95ea-d39d19d57de0,4G,3387,3390,139.28,"LINESTRING (1.366680989 38.90620842, 1.3922060476891158 38.88311876253912)",True,3,3
7a4e4050-b3db-43ab-b487-a7df597ea8ce,dcd0ccdd-5496-41bc-bf1f-94f983a16853,4G,254,257,348.18,"LINESTRING (1.386549067 38.9531428, 1.3859462474310846 38.9553818576673)",True,3,1
7a4e4050-b3db-43ab-b487-a7df597ea8ce,cf18352b-f1f9-47e4-877a-8cc1b7cca651,4G,2377,2381,353.34,"LINESTRING (1.386549067 38.9531428, 1.3833604193535785 38.974372986696494)",True,3,2
7a4e4050-b3db-43ab-b487-a7df597ea8ce,786cabc6-e800-409d-931f-fe3d1e33b522,4G,2487,2491,331.22,"LINESTRING (1.386549067 38.9531428, 1.3727026472159556 38.97274207311786)",True,3,3
386b10fd-d902-4f9a-aa89-70120f982487,23131082-f9bf-4ab5-91b3-23111c4bf241,4G,3784,3787,304.62,"LINESTRING (1.473349019 38.95031751, 1.437323756024553 38.96964746065793)",True,3,1
386b10fd-d902-4f9a-aa89-70120f982487,0222b6a7-350c-46b2-95fd-a3e1c61ee847,4G,4212,4214,314.09,"LINESTRING (1.473349019 38.95031751, 1.4383532678871531 38.97666489861615)",True,3,3
386b10fd-d902-4f9a-aa89-70120f982487,9b7721b1-6a5e-43a2-8f80-1acb26fe8bc9,2G,4189,4193,242.35,"LINESTRING (1.473349019 38.95031751, 1.4304547494166149 38.932825348001465)",True,3,2
1332292e-3d0f-4aa3-bf72-1a22752dea15,d06017e7-a685-4ad1-be7e-2222dabec53e,4G,128,129,329.57,"LINESTRING (1.350554245 39.05934325, 1.3498006139914798 39.06033953845152)",True,3,1
1332292e-3d0f-4aa3-bf72-1a22752dea15,2fb90cc1-38d3-4aa7-951c-b9a823a63822,4G,5427,5428,165.91,"LINESTRING (1.350554245 39.05934325, 1.3658495004119788 39.01200672696945)",True,3,2
1332292e-3d0f-4aa3-bf72-1a22752dea15,6bcfa4f5-5adb-4667-9789-73b22a9a1af9,4G,11664,11667,182.11,"LINESTRING (1.350554245 39.05934325, 1.3455941961097526 38.9545135868109)",True,3,3
79f29263-c10b-4508-bd87-ad42c04be0d4,a4602e2e-5ce7-4aec-904e-dd17dfc266df,4G,7015,7016,14.36,"LINESTRING (1.485837838 38.98630403, 1.5059844314786863 39.04741599497015)",True,3,1
79f29263-c10b-4508-bd87-ad42c04be0d4,a86e67e6-a035-4c91-a5e0-38ff2e106b7c,4G,7276,7277,13.53,"LINESTRING (1.485837838 38.98630403, 1.505550738571431 39.04991742022339)",True,3,2
79f29263-c10b-4508-bd87-ad42c04be0d4,40e67918-f75f-4a0f-970b-424a85a7859a,3G,8732,8736,15.44,"LINESTRING (1.485837838 38.98630403, 1.512763963981112 39.06199115244186)",True,3,3
a877cb39-2290-48c3-b6a6-0f4feaf0146a,4ea23bde-9f03-4e96-871d-59276323e1c2,3G,1254,1256,122.15,"LINESTRING (1.533819114 38.99388465, 1.546099731137311 38.98788510647062)",True,3,1
a877cb39-2290-48c3-b6a6-0f4feaf0146a,ad9f5591-f2fd-4ec6-a35f-31c4fb8d7013,4G,1649,1650,22.83,"LINESTRING (1.533819114 38.99388465, 1.5412244794154777 39.00755451913546)",True,3,2
a877cb39-2290-48c3-b6a6-0f4feaf0146a,0334328f-7fcf-4c40-8570-8a2587488d22,2G,1898,1898,2.57,"LINESTRING (1.533819114 38.99388465, 1.5348033104062826 39.010938799772056)",True,3,3
1f8a8a01-714b-40f2-b55d-fbcb916dd75f,4de24eb6-f9ad-4f93-95ea-d39d19d57de0,4G,5802,5803,105.45,"LINESTRING (1.327597846 38.89703316, 1.3922060476891158 38.88311876253912)",True,1,1
2b2ca058-e2b5-4ce2-a075-c3075f9027ef,,,,,,,False,0,1
40a28229-3dbf-4f08-a516-3f46680a2e55,8a4cfe6a-ce1a-4096-84dc-be09b32b8567,4G,875,875,0.79,"LINESTRING (1.308331692 38.86416215, 1.3084716333709348 38.87203255905634)",True,2,1
40a28229-3dbf-4f08-a516-3f46680a2e55,1f80e199-c0dd-4090-944a-d857d689ee0f,3G,1792,1792,60.12,"LINESTRING (1.308331692 38.86416215, 1.3262742986742686 38.8721881823533)",True,2,2
2f4c020c-6569-4220-9152-d47361213edb,559811e1-d2d0-4767-a412-8e09f61a6d25,4G,744,744,289.76,"LINESTRING (1.490407817 39.02439169, 1.4823062425817826 39.02665171598812)",True,3,1
2f4c020c-6569-4220-9152-d47361213edb,194a1da5-5c5b-40ab-8529-3896e18d32af,3G,1666,1666,24.37,"LINESTRING (1.490407817 39.02439169, 1.49836627499455 39.03803633637922)",True,3,3
2f4c020c-6569-4220-9152-d47361213edb,57698fd5-3769-41e9-b2e8-085aefd88b66,3G,1583,1583,65.36,"LINESTRING (1.490407817 39.02439169, 1.5070701846770564 39.03032780100048)",True,3,2
dd214ea7-eb13-4400-907b-b4f9c320b1ae,166dd518-eb60-49fa-bcf3-d53b8a932de9,3G,484,484,118.53,"LINESTRING (1.29261 38.95421761, 1.297525476891083 38.95213926562389)",True,3,1
dd214ea7-eb13-4400-907b-b4f9c320b1ae,1fd92561-71d6-4f82-a50b-314eaeb2bb3a,4G,1370,1372,25.55,"LINESTRING (1.29261 38.95421761, 1.2994456145350086 38.96533694633572)",True,3,2
dd214ea7-eb13-4400-907b-b4f9c320b1ae,0b7e128c-f459-4d22-815f-0e5edbf9bf06,3G,1627,1629,358.42,"LINESTRING (1.29261 38.95421761, 1.2920899576282965 38.968846448477805)",True,3,3
34cb2c0a-8709-4603-afe6-76f630165788,1f80e199-c0dd-4090-944a-d857d689ee0f,3G,4277,4278,130.28,"LINESTRING (1.288587958 38.89706249, 1.3262742986742686 38.8721881823533)",True,2,1
34cb2c0a-8709-4603-afe6-76f630165788,5ef608e3-60c4-4894-8ac2-57ab0d0e55c9,4G,9120,9121,124.29,"LINESTRING (1.288587958 38.89706249, 1.3755994038329078 38.85081993416053)",True,2,2
2e783986-86c8-40c6-905c-837d9112f4f7,144e8fc3-5bbf-4867-b6e7-67dac7dad7e4,4G,814,814,62.43,"LINESTRING (1.359549418 38.97096944, 1.3678924622333437 38.97435594411141)",True,3,1
2e783986-86c8-40c6-905c-837d9112f4f7,786cabc6-e800-409d-931f-fe3d1e33b522,4G,1154,1154,80.16,"LINESTRING (1.359549418 38.97096944, 1.3727026472159556 38.97274207311786)",True,3,2
2e783986-86c8-40c6-905c-837d9112f4f7,82e53aaa-57c5-4437-898c-3c8d5c2e8336,3G,1811,1811,326.11,"LINESTRING (1.359549418 38.97096944, 1.3478684724215728 38.98448764654776)",True,3,3
c571aaff-74e9-41d4-8e51-e0aab8fffe1f,9c3f9c22-3cdb-41ce-8c9d-f52ce96c4daa,4G,535,538,149.99,"LINESTRING (1.315454383 38.95906283, 1.318550784344911 38.9548935512878)",True,3,1
c571aaff-74e9-41d4-8e51-e0aab8fffe1f,1fd92561-71d6-4f82-a50b-314eaeb2bb3a,4G,1550,1550,296.75,"LINESTRING (1.315454383 38.95906283, 1.2994456145350086 38.96533694633572)",True,3,2
c571aaff-74e9-41d4-8e51-e0aab8fffe1f,513c3ccb-6937-45ba-8f49-e8b7bb12423a,4G,1945,1947,169.37,"LINESTRING (1.315454383 38.95906283, 1.3196026159899563 38.941873273730245)",True,3,3
e8fc47f3-4cc1-4e0e-8483-095a08f064e0,9c3f9c22-3cdb-41ce-8c9d-f52ce96c4daa,4G,1395,1396,198.99,"LINESTRING (1.323798873 38.96675571, 1.318550784344911 38.9548935512878)",True,3,1
e8fc47f3-4cc1-4e0e-8483-095a08f064e0,487da0fa-b139-470b-9062-fc769b2808f4,3G,1957,1957,320.12,"LINESTRING (1.323798873 38.96675571, 1.309286074952894 38.98025891997847)",True,3,2
e8fc47f3-4cc1-4e0e-8483-095a08f064e0,c39c4afa-010e-41da-a1c4-020fe349c7a3,4G,2315,2315,345.91,"LINESTRING (1.323798873 38.96675571, 1.3172790345037946 38.98694453062616)",True,3,3
b32e5cdd-cc23-4748-9c61-c62201237bf6,,,,,,,False,0,1
7e7edbb0-41db-4dda-b507-37cb0493d1fa,e7356954-eb7e-444d-adde-ea48e0e81129,3G,1523,1523,136.1,"LINESTRING (1.581172796 39.05072478, 1.593396738478233 39.04085669495776)",True,2,1
7e7edbb0-41db-4dda-b507-37cb0493d1fa,a2f0e1d1-0db2-40ba-adb9-c59a1b1fbc8f,4G,3322,3322,35.26,"LINESTRING (1.581172796 39.05072478, 1.6033916796911398 39.075115914928745)",True,2,2
9be3e912-c023-4888-847f-f74ab5085a94,54f7a596-d5a1-4031-84c5-5d4b61b7cbca,4G,1319,1321,290.54,"LINESTRING (1.398807221 38.85313758, 1.384545701871246 38.857298141284986)",True,3,1
9be3e912-c023-4888-847f-f74ab5085a94,b8f4d0b2-ca90-446a-804e-9b30410c4533,4G,2744,2745,297.13,"LINESTRING (1.398807221 38.85313758, 1.370604464141267 38.86438666461446)",True,3,2
9be3e912-c023-4888-847f-f74ab5085a94,f448eb06-a5b3-4343-859c-5a2d27ffe253,3G,5291,5292,303.2,"LINESTRING (1.398807221 38.85313758, 1.3476573236181475 38.879183893491856)",True,3,3
c30b6800-1281-4cee-8dd9-ba3e5c5802fd,5b199afc-f1e3-46f6-919f-c19a45896853,3G,1581,1581,319.52,"LINESTRING (1.564889899 39.01812244, 1.5530080507316153 39.028935914048425)",True,3,1
c30b6800-1281-4cee-8dd9-ba3e5c5802fd,f7412e93-8fb4-4abf-a298-8fb0876a97f5,4G,2682,2682,191.14,"LINESTRING (1.564889899 39.01812244, 1.5588949736709776 38.994459016552206)",True,3,2
c30b6800-1281-4cee-8dd9-ba3e5c5802fd,4ea23bde-9f03-4e96-871d-59276323e1c2,3G,3734,3734,205.78,"LINESTRING (1.564889899 39.01812244, 1.546099731137311 38.98788510647062)",True,3,3
1fa23b03-6f38-49e7-98de-c0d5a352d05a,316c680a-a233-4552-a65b-c1e913f033d9,4G,270,277,293.46,"LINESTRING (1.486454693 39.086867, 1.4835831271086062 39.08783409520887)",True,3,1
1fa23b03-6f38-49e7-98de-c0d5a352d05a,0e502cce-2109-4556-8f3c-d10d7de839be,4G,2575,2575,74.06,"LINESTRING (1.486454693 39.086867, 1.515143934367531 39.09322301710436)",True,3,2
1fa23b03-6f38-49e7-98de-c0d5a352d05a,6f33c3f1-bfe0-425b-a6bb-8bff1dba24ff,4G,2740,2741,93.9,"LINESTRING (1.486454693 39.086867, 1.518132160075056 39.08518473715558)",True,3,3
6e4190d2-b21e-4c48-8cde-59bb39329f62,5b199afc-f1e3-46f6-919f-c19a45896853,3G,3753,3756,187.88,"LINESTRING (1.558964273 39.06236908, 1.5530080507316153 39.028935914048425)",True,3,1
6e4190d2-b21e-4c48-8cde-59bb39329f62,e7356954-eb7e-444d-adde-ea48e0e81129,3G,3816,3820,128.81,"LINESTRING (1.558964273 39.06236908, 1.593396738478233 39.04085669495776)",True,3,2
6e4190d2-b21e-4c48-8cde-59bb39329f62,c499b119-ebc9-4302-a96e-ebd46cf34f6e,4G,5167,5168,184.96,"LINESTRING (1.558964273 39.06236908, 1.5537953731162486 39.016077565382766)",True,3,3
03116452-1288-434e-83d5-fed21199c4a8,194a1da5-5c5b-40ab-8529-3896e18d32af,3G,1079,1082,244.45,"LINESTRING (1.509642134 39.04222339, 1.49836627499455 39.03803633637922)",True,3,1
03116452-1288-434e-83d5-fed21199c4a8,57698fd5-3769-41e9-b2e8-085aefd88b66,3G,1341,1344,189.53,"LINESTRING (1.509642134 39.04222339, 1.5070701846770564 39.03032780100048)",True,3,2
03116452-1288-434e-83d5-fed21199c4a8,559811e1-d2d0-4767-a412-8e09f61a6d25,4G,2928,2929,233.75,"LINESTRING (1.509642134 39.04222339, 1.4823062425817826 39.02665171598812)",True,3,3
4c67727a-4af9-46ef-a98d-5ce5f843163d,,,,,,,False,0,1
08d556b6-931d-4029-a82c-e651113c6d63,f7412e93-8fb4-4abf-a298-8fb0876a97f5,4G,3442,3442,215.05,"LINESTRING (1.58176983 39.01980367, 1.5588949736709776 38.994459016552206)",True,1,1
1472ba6a-9a43-4921-a751-efedc0e5fcf4,acd467fd-70c9-4e80-ae6a-98caa5af0dcd,3G,505,511,49.14,"LINESTRING (1.336193129 38.92541254, 1.3406056487296965 38.92838173557276)",True,3,1
1472ba6a-9a43-4921-a751-efedc0e5fcf4,58621e78-67aa-4cab-ac81-2480d28f6cf0,4G,9540,9541,23.77,"LINESTRING (1.336193129 38.92541254, 1.380697188028657 39.00392045065399)",True,3,2
1472ba6a-9a43-4921-a751-efedc0e5fcf4,94407b64-f245-470e-b118-e8c8c2953fc7,4G,10450,10451,27.2,"LINESTRING (1.336193129 38.92541254, 1.391478936500965 39.00898483490728)",True,3,3
292f0d20-f275-44f5-a40f-cf0e80c3a067,b73da8f1-6805-465c-813c-48d491331849,3G,1084,1084,66.38,"LINESTRING (1.407620621 38.97752283, 1.4191074273650623 38.98142782247335)",True,3,1
292f0d20-f275-44f5-a40f-cf0e80c3a067,23131082-f9bf-4ab5-91b3-23111c4bf241,4G,2713,2713,108.82,"LINESTRING (1.407620621 38.97752283, 1.437323756024553 38.96964746065793)",True,3,3
292f0d20-f275-44f5-a40f-cf0e80c3a067,0222b6a7-350c-46b2-95fd-a3e1c61ee847,4G,2658,2658,92.05,"LINESTRING (1.407620621 38.97752283, 1.4383532678871531 38.97666489861615)",True,3,2
d3a1fe88-51a0-4558-a376-5c614106e50b,487da0fa-b139-470b-9062-fc769b2808f4,3G,6323,6323,76.41,"LINESTRING (1.238187992 38.96691495, 1.309286074952894 38.98025891997847)",True,3,1
d3a1fe88-51a0-4558-a376-5c614106e50b,c792a57c-917b-4ecf-8e8f-c89f26361d6b,4G,6747,6751,117.37,"LINESTRING (1.238187992 38.96691495, 1.3074686023842217 38.93899999540557)",True,3,2
d3a1fe88-51a0-4558-a376-5c614106e50b,c39c4afa-010e-41da-a1c4-020fe349c7a3,4G,7190,7191,71.93,"LINESTRING (1.238187992 38.96691495, 1.3172790345037946 38.98694453062616)",True,3,3
80995085-677e-40c5-a7eb-3e6be9c04193,b7e54fbf-12f0-4795-8b99-fa36fee9747a,3G,336,358,267.88,"LINESTRING (1.259268392 38.86889715, 1.2553861252826088 38.86878519995628)",True,2,1
80995085-677e-40c5-a7eb-3e6be9c04193,5ef608e3-60c4-4894-8ac2-57ab0d0e55c9,4G,10271,10271,101.25,"LINESTRING (1.259268392 38.86889715, 1.3755994038329078 38.85081993416053)",True,2,2
f4757abf-5db7-4f0e-a7cc-0c437012a72e,,,,,,,False,0,1
b4129fb7-6eff-4f64-9302-d56ca0ffd434,5ef608e3-60c4-4894-8ac2-57ab0d0e55c9,4G,639,642,147.62,"LINESTRING (1.371649766 38.85567112, 1.3755994038329078 38.85081993416053)",True,3,1
b4129fb7-6eff-4f64-9302-d56ca0ffd434,b8f4d0b2-ca90-446a-804e-9b30410c4533,4G,973,973,354.66,"LINESTRING (1.371649766 38.85567112, 1.370604464141267 38.86438666461446)",True,3,2
b4129fb7-6eff-4f64-9302-d56ca0ffd434,a29f05b1-4402-4735-8f88-f9a7ddd325fb,2G,1036,1036,40.92,"LINESTRING (1.371649766 38.85567112, 1.379487438972974 38.86271112202775)",True,3,3
019d2f45-228e-4943-b302-1af7cb2ae820,,,,,,,False,0,1
5b9fbca7-20b7-4b7a-8555-1be8137a8e12,559811e1-d2d0-4767-a412-8e09f61a6d25,4G,1286,1291,179.26,"LINESTRING (1.482114837 39.03821867, 1.4823062425817826 39.02665171598812)",True,3,1
5b9fbca7-20b7-4b7a-8555-1be8137a8e12,57698fd5-3769-41e9-b2e8-085aefd88b66,3G,2327,2330,112.14,"LINESTRING (1.482114837 39.03821867, 1.5070701846770564 39.03032780100048)",True,3,2
5b9fbca7-20b7-4b7a-8555-1be8137a8e12,40e67918-f75f-4a0f-970b-424a85a7859a,3G,3741,3744,45.03,"LINESTRING (1.482114837 39.03821867, 1.512763963981112 39.06199115244186)",True,3,3
d4e50261-9303-4b9b-8f52-ed9d7903dd58,513c3ccb-6937-45ba-8f49-e8b7bb12423a,4G,463,463,113.07,"LINESTRING (1.3146801 38.94350397, 1.3196026159899563 38.941873273730245)",True,3,1
d4e50261-9303-4b9b-8f52-ed9d7903dd58,c792a57c-917b-4ecf-8e8f-c89f26361d6b,4G,800,807,231.24,"LINESTRING (1.3146801 38.94350397, 1.3074686023842217 38.93899999540557)",True,3,2
d4e50261-9303-4b9b-8f52-ed9d7903dd58,9c3f9c22-3cdb-41ce-8c9d-f52ce96c4daa,4G,1310,1311,14.8,"LINESTRING (1.3146801 38.94350397, 1.318550784344911 38.9548935512878)",True,3,3
8dc18b71-d2aa-4396-aed1-3918a7c78302,9bf2da9d-9ce0-45d5-8274-dc8a36aa2645,4G,1278,1284,110.42,"LINESTRING (1.540372474 39.08134747, 1.5542522572113824 39.07733619774327)",True,1,1
f1258afa-9fe6-46f8-89a4-75826b810986,4de24eb6-f9ad-4f93-95ea-d39d19d57de0,4G,1874,1874,233.25,"LINESTRING (1.409553323 38.89320415, 1.3922060476891158 38.88311876253912)",True,3,1
f1258afa-9fe6-46f8-89a4-75826b810986,3dc41fb4-667b-4673-b553-2998678bb0e3,4G,2977,2979,359.74,"LINESTRING (1.409553323 38.89320415, 1.4093966113233234 38.91997836109023)",True,3,3
f1258afa-9fe6-46f8-89a4-75826b810986,22d699dd-ade7-497f-9730-432fa3700c46,3G,2937,2937,299.74,"LINESTRING (1.409553323 38.89320415, 1.3800854230256565 38.9062992785694)",True,3,2
8c0900aa-9916-48a2-81a7-783bb859d57c,8a4cfe6a-ce1a-4096-84dc-be09b32b8567,4G,5007,5018,145.9,"LINESTRING (1.276045852 38.90932032, 1.3084716333709348 38.87203255905634)",True,3,1
8c0900aa-9916-48a2-81a7-783bb859d57c,1f80e199-c0dd-4090-944a-d857d689ee0f,3G,5995,6005,133.51,"LINESTRING (1.276045852 38.90932032, 1.3262742986742686 38.8721881823533)",True,3,2
8c0900aa-9916-48a2-81a7-783bb859d57c,6bcfa4f5-5adb-4667-9789-73b22a9a1af9,4G,7839,7842,50.1,"LINESTRING (1.276045852 38.90932032, 1.3455941961097526 38.9545135868109)",True,3,3
04da0ba1-3b87-4a8e-bb66-72ac9a19f1cd,4de24eb6-f9ad-4f93-95ea-d39d19d57de0,4G,924,924,143.38,"LINESTRING (1.385841056 38.88978634, 1.3922060476891158 38.88311876253912)",True,3,1
04da0ba1-3b87-4a8e-bb66-72ac9a19f1cd,22d699dd-ade7-497f-9730-432fa3700c46,3G,1903,1903,344.82,"LINESTRING (1.385841056 38.88978634, 1.3800854230256565 38.9062992785694)",True,3,2
04da0ba1-3b87-4a8e-bb66-72ac9a19f1cd,86818972-6723-46e5-9916-af01c2be5383,4G,2148,65560,183.48,"LINESTRING (1.385841056 38.88978634, 1.384334677393355 38.87050132158264)",True,3,3
316677be-d43e-4119-ac88-7b54e561fb17,cd272128-4c9b-4ef7-b909-6f8eea7c0efc,4G,2674,2674,315.11,"LINESTRING (1.454736686 39.0051067, 1.4328931164379757 39.02213746198865)",True,3,1
316677be-d43e-4119-ac88-7b54e561fb17,bb096899-b7a2-482a-9f58-7dbbb86d0cd3,3G,4056,4057,305.01,"LINESTRING (1.454736686 39.0051067, 1.4162749127785426 39.02602861664931)",True,3,3
316677be-d43e-4119-ac88-7b54e561fb17,7ef7da58-1464-499a-8ad3-ea784e07446a,4G,3959,3959,277.3,"LINESTRING (1.454736686 39.0051067, 1.4092926255061942 39.00962143087611)",True,3,2
d37197f2-d992-4674-a45f-4edfec32eb68,d3943d1d-2fd9-4e0e-82b3-e0d977692844,4G,7323,7324,105.31,"LINESTRING (1.382562293 38.94475765, 1.464216761368047 38.92733764400614)",True,1,1
cda6e0d7-8641-4943-94e7-997c3a504b43,513c3ccb-6937-45ba-8f49-e8b7bb12423a,4G,989,989,264.65,"LINESTRING (1.330989881 38.94270256, 1.3196026159899563 38.941873273730245)",True,3,1
cda6e0d7-8641-4943-94e7-997c3a504b43,6bcfa4f5-5adb-4667-9789-73b22a9a1af9,4G,1822,1822,43.88,"LINESTRING (1.330989881 38.94270256, 1.3455941961097526 38.9545135868109)",True,3,2
cda6e0d7-8641-4943-94e7-997c3a504b43,c792a57c-917b-4ecf-8e8f-c89f26361d6b,4G,2076,2080,258.57,"LINESTRING (1.330989881 38.94270256, 1.3074686023842217 38.93899999540557)",True,3,3
8955c08a-d3a8-4dd0-872a-09489285a97a,,,,,,,False,0,1
1e1ce347-2c9a-42a9-8cad-29811f0a9f8e,a4c3eba3-efee-4b4a-86aa-08e76a013113,4G,2436,2437,170.85,"LINESTRING (1.361241211 38.8986367, 1.365715302334365 38.87700757837964)",True,3,1
1e1ce347-2c9a-42a9-8cad-29811f0a9f8e,f448eb06-a5b3-4343-859c-5a2d27ffe253,3G,2462,2462,208.53,"LINESTRING (1.361241211 38.8986367, 1.3476573236181475 38.879183893491856)",True,3,2
1e1ce347-2c9a-42a9-8cad-29811f0a9f8e,4de24eb6-f9ad-4f93-95ea-d39d19d57de0,4G,3187,3188,122.77,"LINESTRING (1.361241211 38.8986367, 1.3922060476891158 38.88311876253912)",True,3,3
cf36cf3c-dc91-4d53-8f30-5a9a5c4e7200,,,,,,,False,0,1
9c0cf673-558f-47f4-b008-68872ebfd0a1,19d2196d-3b4a-4dea-b5f2-ad9280714af0,3G,1026,1026,69.2,"LINESTRING (1.515630846 38.97524865, 1.5267274282618262 38.978525665695)",True,3,1
9c0cf673-558f-47f4-b008-68872ebfd0a1,4ea23bde-9f03-4e96-871d-59276323e1c2,3G,2985,2985,61.91,"LINESTRING (1.515630846 38.97524865, 1.546099731137311 38.98788510647062)",True,3,2
9c0cf673-558f-47f4-b008-68872ebfd0a1,f7412e93-8fb4-4abf-a298-8fb0876a97f5,4G,4307,4307,60.25,"LINESTRING (1.515630846 38.97524865, 1.5588949736709776 38.994459016552206)",True,3,3
f9394e7c-c097-4bd1-98c1-c36ab13dde8e,144e8fc3-5bbf-4867-b6e7-67dac7dad7e4,4G,785,785,192.32,"LINESTRING (1.369830696 38.98125539, 1.3678924622333437 38.97435594411141)",True,3,1
f9394e7c-c097-4bd1-98c1-c36ab13dde8e,786cabc6-e800-409d-931f-fe3d1e33b522,4G,979,979,165.3,"LINESTRING (1.369830696 38.98125539, 1.3727026472159556 38.97274207311786)",True,3,2
f9394e7c-c097-4bd1-98c1-c36ab13dde8e,cf18352b-f1f9-47e4-877a-8cc1b7cca651,4G,1398,1398,123.19,"LINESTRING (1.369830696 38.98125539, 1.3833604193535785 38.974372986696494)",True,3,3
18f3f320-cd31-4249-829c-71d90dc9a918,,,,,,,False,0,1
c397425a-2403-401c-a663-74d40571c94a,487da0fa-b139-470b-9062-fc769b2808f4,3G,2146,2149,209.47,"LINESTRING (1.321503371 38.99706412, 1.309286074952894 38.98025891997847)",True,3,1
c397425a-2403-401c-a663-74d40571c94a,1fd92561-71d6-4f82-a50b-314eaeb2bb3a,4G,4010,4011,208.4,"LINESTRING (1.321503371 38.99706412, 1.2994456145350086 38.96533694633572)",True,3,2
c397425a-2403-401c-a663-74d40571c94a,0b7e128c-f459-4d22-815f-0e5edbf9bf06,3G,4038,4040,219.03,"LINESTRING (1.321503371 38.99706412, 1.2920899576282965 38.968846448477805)",True,3,3
77e031da-1d23-48c2-853e-25d1830dabd1,300a1494-68dc-4cb7-9825-1b8d98f07c6e,3G,2789,2789,210.58,"LINESTRING (1.455433486 39.02280274, 1.4390189618244142 39.00121057347411)",True,3,1
77e031da-1d23-48c2-853e-25d1830dabd1,194a1da5-5c5b-40ab-8529-3896e18d32af,3G,4077,4078,65.44,"LINESTRING (1.455433486 39.02280274, 1.49836627499455 39.03803633637922)",True,3,2
77e031da-1d23-48c2-853e-25d1830dabd1,0222b6a7-350c-46b2-95fd-a3e1c61ee847,4G,5338,5339,196.06,"LINESTRING (1.455433486 39.02280274, 1.4383532678871531 38.97666489861615)",True,3,3
4bb7174d-f3a5-485b-bd5d-423a370c713d,4ea23bde-9f03-4e96-871d-59276323e1c2,3G,628,628,196.54,"LINESTRING (1.548169891 38.99330314, 1.546099731137311 38.98788510647062)",True,3,1
4bb7174d-f3a5-485b-bd5d-423a370c713d,f7412e93-8fb4-4abf-a298-8fb0876a97f5,4G,936,936,82.1,"LINESTRING (1.548169891 38.99330314, 1.5588949736709776 38.994459016552206)",True,3,2
4bb7174d-f3a5-485b-bd5d-423a370c713d,ad9f5591-f2fd-4ec6-a35f-31c4fb8d7013,4G,1695,1695,339.26,"LINESTRING (1.548169891 38.99330314, 1.5412244794154777 39.00755451913546)",True,3,3
0b373675-de87-476b-9262-a0f7d9fe97c7,300a1494-68dc-4cb7-9825-1b8d98f07c6e,3G,1864,1864,40.35,"LINESTRING (1.425056641 38.98843938, 1.4390189618244142 39.00121057347411)",True,3,1
0b373675-de87-476b-9262-a0f7d9fe97c7,23131082-f9bf-4ab5-91b3-23111c4bf241,4G,2343,2343,153.09,"LINESTRING (1.425056641 38.98843938, 1.437323756024553 38.96964746065793)",True,3,2
0b373675-de87-476b-9262-a0f7d9fe97c7,ee2c797f-0987-4a5d-8b19-20d30e0d33a5,4G,2640,2641,58.52,"LINESTRING (1.425056641 38.98843938, 1.451110324725679 39.00083595334589)",True,3,3
775b863e-688e-45e8-b12e-956a3144bd35,b73da8f1-6805-465c-813c-48d491331849,3G,902,902,94.94,"LINESTRING (1.408712151 38.98212655, 1.4191074273650623 38.98142782247335)",True,3,1
775b863e-688e-45e8-b12e-956a3144bd35,0222b6a7-350c-46b2-95fd-a3e1c61ee847,4G,2633,2633,103.33,"LINESTRING (1.408712151 38.98212655, 1.4383532678871531 38.97666489861615)",True,3,2
775b863e-688e-45e8-b12e-956a3144bd35,23131082-f9bf-4ab5-91b3-23111c4bf241,4G,2836,2836,119.28,"LINESTRING (1.408712151 38.98212655, 1.437323756024553 38.96964746065793)",True,3,3
e34166df-938f-4a6a-8297-8e62472c190a,,,,,,,False,0,1
a11c1795-c1ad-4000-8ddf-23879414c25d,1f80e199-c0dd-4090-944a-d857d689ee0f,3G,6447,6451,120.53,"LINESTRING (1.262128614 38.90165325, 1.3262742986742686 38.8721881823533)",True,3,1
a11c1795-c1ad-4000-8ddf-23879414c25d,5ef608e3-60c4-4894-8ac2-57ab0d0e55c9,4G,11333,11335,119.88,"LINESTRING (1.262128614 38.90165325, 1.3755994038329078 38.85081993416053)",True,3,2
a11c1795-c1ad-4000-8ddf-23879414c25d,54f7a596-d5a1-4031-84c5-5d4b61b7cbca,4G,11688,11691,114.92,"LINESTRING (1.262128614 38.90165325, 1.384545701871246 38.857298141284986)",True,3,3
20de2790-fc66-422b-a12f-6a5f65c00470,9b7721b1-6a5e-43a2-8f80-1acb26fe8bc9,2G,1652,1652,354.33,"LINESTRING (1.432341493 38.91804214, 1.4304547494166149 38.932825348001465)",True,3,1
20de2790-fc66-422b-a12f-6a5f65c00470,3dc41fb4-667b-4673-b553-2998678bb0e3,4G,1997,2000,276.2,"LINESTRING (1.432341493 38.91804214, 1.4093966113233234 38.91997836109023)",True,3,2
20de2790-fc66-422b-a12f-6a5f65c00470,d3943d1d-2fd9-4e0e-82b3-e0d977692844,4G,2945,2945,69.44,"LINESTRING (1.432341493 38.91804214, 1.464216761368047 38.92733764400614)",True,3,3
ef55a242-71c2-4895-9d7f-7cc87011cc24,a4c3eba3-efee-4b4a-86aa-08e76a013113,4G,2261,2261,153.56,"LINESTRING (1.354087839 38.89521462, 1.365715302334365 38.87700757837964)",True,3,1
ef55a242-71c2-4895-9d7f-7cc87011cc24,b8f4d0b2-ca90-446a-804e-9b30410c4533,4G,3714,3715,157.35,"LINESTRING (1.354087839 38.89521462, 1.370604464141267 38.86438666461446)",True,3,2
ef55a242-71c2-4895-9d7f-7cc87011cc24,86818972-6723-46e5-9916-af01c2be5383,4G,3796,65586,136.38,"LINESTRING (1.354087839 38.89521462, 1.384334677393355 38.87050132158264)",True,3,3
8212c26b-ccf0-4c70-8c8b-0bd759f2cbff,4d34a5ce-ee40-4a87-86f1-8b0d6291d09c,4G,3042,3043,338.33,"LINESTRING (1.30925045 38.90089976, 1.2962692461014558 38.92632025796543)",True,1,1
005e4a38-ee50-41b2-a7ba-fd8fd86c5179,0b7e128c-f459-4d22-815f-0e5edbf9bf06,3G,4246,4247,7.11,"LINESTRING (1.286008074 38.9309528, 1.2920899576282965 38.968846448477805)",True,3,1
005e4a38-ee50-41b2-a7ba-fd8fd86c5179,51d1fd1e-9f9f-4306-86ce-b481ea158cbc,4G,10990,10991,31.03,"LINESTRING (1.286008074 38.9309528, 1.3515741537134394 39.01563357695425)",True,3,2
005e4a38-ee50-41b2-a7ba-fd8fd86c5179,d06017e7-a685-4ad1-be7e-2222dabec53e,4G,15407,15410,20.95,"LINESTRING (1.286008074 38.9309528, 1.3498006139914798 39.06033953845152)",True,3,3
ba2f6994-38f1-4619-a7ee-4c6569749c21,300a1494-68dc-4cb7-9825-1b8d98f07c6e,3G,896,897,336.11,"LINESTRING (1.443218896 38.99384263, 1.4390189618244142 39.00121057347411)",True,3,1
ba2f6994-38f1-4619-a7ee-4c6569749c21,ee2c797f-0987-4a5d-8b19-20d30e0d33a5,4G,1034,1035,41.25,"LINESTRING (1.443218896 38.99384263, 1.451110324725679 39.00083595334589)",True,3,2
ba2f6994-38f1-4619-a7ee-4c6569749c21,0222b6a7-350c-46b2-95fd-a3e1c61ee847,4G,1956,1956,192.42,"LINESTRING (1.443218896 38.99384263, 1.4383532678871531 38.97666489861615)",True,3,3
19e7719f-cf3d-456a-9aac-b00ec55013e1,fb251990-900a-4d68-bc54-a6eee459cfd0,3G,2786,2798,271.27,"LINESTRING (1.439501167 39.06687031, 1.407236660723952 39.06741998446852)",True,2,1
19e7719f-cf3d-456a-9aac-b00ec55013e1,13414708-c17e-4de8-ad66-bd810ec9767e,4G,3923,3932,241.88,"LINESTRING (1.439501167 39.06687031, 1.3994292389999896 39.05023660832818)",True,2,2
bbd7b668-8b8e-4b87-ac89-64a54c379f53,,,,,,,False,0,1
f1de709c-0da1-4ea3-b1d7-7cb3336246b3,9c3f9c22-3cdb-41ce-8c9d-f52ce96c4daa,4G,1202,1204,188.47,"LINESTRING (1.320599286 38.96558957, 1.318550784344911 38.9548935512878)",True,3,1
f1de709c-0da1-4ea3-b1d7-7cb3336246b3,487da0fa-b139-470b-9062-fc769b2808f4,3G,1902,1902,329.06,"LINESTRING (1.320599286 38.96558957, 1.309286074952894 38.98025891997847)",True,3,3
f1de709c-0da1-4ea3-b1d7-7cb3336246b3,1fd92561-71d6-4f82-a50b-314eaeb2bb3a,4G,1829,1829,269.13,"LINESTRING (1.320599286 38.96558957, 1.2994456145350086 38.96533694633572)",True,3,2
760b035f-e361-4d37-a95f-5b6f7ac93bbf,e2e79fa7-3b7b-4e6c-8cfe-f9aed4ca8e21,4G,389,389,174.05,"LINESTRING (1.460825577 39.05118032, 1.461292055293418 39.0477044252903)",True,3,1
760b035f-e361-4d37-a95f-5b6f7ac93bbf,a65c910b-4128-45d7-bf6c-9fa71814e48e,4G,673,674,225.51,"LINESTRING (1.460825577 39.05118032, 1.4552640927764875 39.04693707643987)",True,3,3
760b035f-e361-4d37-a95f-5b6f7ac93bbf,39f646da-909f-4322-826e-cd7a8dbf26b6,3G,665,665,241.6,"LINESTRING (1.460825577 39.05118032, 1.454052749511561 39.04833570420335)",True,3,2
9dc15aa9-7e95-4b6f-ac9e-1b891c458ea5,b7e54fbf-12f0-4795-8b99-fa36fee9747a,3G,1052,1053,38.2,"LINESTRING (1.247868859 38.86134812, 1.2553861252826088 38.86878519995628)",True,3,1
9dc15aa9-7e95-4b6f-ac9e-1b891c458ea5,8a4cfe6a-ce1a-4096-84dc-be09b32b8567,4G,5380,5382,77.22,"LINESTRING (1.247868859 38.86134812, 1.3084716333709348 38.87203255905634)",True,3,2
9dc15aa9-7e95-4b6f-ac9e-1b891c458ea5,1f80e199-c0dd-4090-944a-d857d689ee0f,3G,6894,6896,79.91,"LINESTRING (1.247868859 38.86134812, 1.3262742986742686 38.8721881823533)",True,3,3
be8f9691-55af-4940-97d8-10d548687c18,bb91980b-c9bb-46ba-81f5-3f18f4540ef8,4G,176,176,48.89,"LINESTRING (1.540936116 39.01717741, 1.5424678462297283 39.01821607967085)",True,3,1
be8f9691-55af-4940-97d8-10d548687c18,0334328f-7fcf-4c40-8570-8a2587488d22,2G,873,873,217.38,"LINESTRING (1.540936116 39.01717741, 1.5348033104062826 39.010938799772056)",True,3,2
be8f9691-55af-4940-97d8-10d548687c18,ad9f5591-f2fd-4ec6-a35f-31c4fb8d7013,4G,1070,1070,178.67,"LINESTRING (1.540936116 39.01717741, 1.5412244794154777 39.00755451913546)",True,3,3
5a88dfd9-2448-4643-8446-ec81f79f236e,dfc3dbe8-ec80-4a71-9305-61a4384c91d6,4G,930,930,204.71,"LINESTRING (1.450226287 38.96340292, 1.4457286594381331 38.95580263820795)",True,3,1
5a88dfd9-2448-4643-8446-ec81f79f236e,23131082-f9bf-4ab5-91b3-23111c4bf241,4G,1314,1314,301.91,"LINESTRING (1.450226287 38.96340292, 1.437323756024553 38.96964746065793)",True,3,2
5a88dfd9-2448-4643-8446-ec81f79f236e,0222b6a7-350c-46b2-95fd-a3e1c61ee847,4G,1797,1797,325.16,"LINESTRING (1.450226287 38.96340292, 1.4383532678871531 38.97666489861615)",True,3,3
867858ee-0194-44a4-9131-e0521a37c6e6,8a4cfe6a-ce1a-4096-84dc-be09b32b8567,4G,3638,3641,151.61,"LINESTRING (1.288493327 38.90081458, 1.3084716333709348 38.87203255905634)",True,3,1
867858ee-0194-44a4-9131-e0521a37c6e6,1f80e199-c0dd-4090-944a-d857d689ee0f,3G,4563,4566,134.22,"LINESTRING (1.288493327 38.90081458, 1.3262742986742686 38.8721881823533)",True,3,2
867858ee-0194-44a4-9131-e0521a37c6e6,5ef608e3-60c4-4894-8ac2-57ab0d0e55c9,4G,9368,9369,126.37,"LINESTRING (1.288493327 38.90081458, 1.3755994038329078 38.85081993416053)",True,3,3
74529871-b1ea-4c57-8874-709bf7554e64,,,,,,,False,0,1
7e46c9a8-b75f-4513-8418-4fb058a32b0f,d06017e7-a685-4ad1-be7e-2222dabec53e,4G,1470,1470,48.49,"LINESTRING (1.337051623 39.05158039, 1.3498006139914798 39.06033953845152)",True,3,1
7e46c9a8-b75f-4513-8418-4fb058a32b0f,eaf88620-bbe3-4e6b-8935-d2faae7abb80,4G,5293,5295,124.63,"LINESTRING (1.337051623 39.05158039, 1.3874682102728169 39.02451633419314)",True,3,2
7e46c9a8-b75f-4513-8418-4fb058a32b0f,dfc3dbe8-ec80-4a71-9305-61a4384c91d6,4G,14199,14202,138.56,"LINESTRING (1.337051623 39.05158039, 1.4457286594381331 38.95580263820795)",True,3,3
033ae344-5dde-4ee7-8abd-9c83729197bf,227de9dd-240d-47c6-a2f6-91f1fc9a77e8,4G,610,611,308.84,"LINESTRING (1.245338784 38.91547977, 1.239843424607913 38.91892195006387)",True,1,1
f01b7a6c-8d4e-4a7c-89f8-ef79eff4aab5,,,,,,,False,0,1
3c1b571e-ab30-4c81-832d-51bdfef51bba,0b7e128c-f459-4d22-815f-0e5edbf9bf06,3G,591,591,106.3,"LINESTRING (1.2855323 38.97033793, 1.2920899576282965 38.968846448477805)",True,3,1
3c1b571e-ab30-4c81-832d-51bdfef51bba,1fd92561-71d6-4f82-a50b-314eaeb2bb3a,4G,1325,1325,114.81,"LINESTRING (1.2855323 38.97033793, 1.2994456145350086 38.96533694633572)",True,3,2
3c1b571e-ab30-4c81-832d-51bdfef51bba,166dd518-eb60-49fa-bcf3-d53b8a932de9,3G,2274,2276,152.86,"LINESTRING (1.2855323 38.97033793, 1.297525476891083 38.95213926562389)",True,3,3
f8e815fd-fcbe-4607-9ae0-f5fa0d56c8d8,2a93aa5f-1b07-4e1b-ab61-4e89f497c619,3G,788,788,78.63,"LINESTRING (1.418651684 39.00303877, 1.4275880886662429 39.00443476208089)",True,3,1
f8e815fd-fcbe-4607-9ae0-f5fa0d56c8d8,7ef7da58-1464-499a-8ad3-ea784e07446a,4G,1091,1091,312.15,"LINESTRING (1.418651684 39.00303877, 1.4092926255061942 39.00962143087611)",True,3,2
f8e815fd-fcbe-4607-9ae0-f5fa0d56c8d8,300a1494-68dc-4cb7-9825-1b8d98f07c6e,3G,1772,1772,96.58,"LINESTRING (1.418651684 39.00303877, 1.4390189618244142 39.00121057347411)",True,3,3
d94433a9-0da0-4fd5-af57-ddfb321fc525,487da0fa-b139-470b-9062-fc769b2808f4,3G,1085,1087,161.59,"LINESTRING (1.305319773 38.98952019, 1.309286074952894 38.98025891997847)",True,3,2
d94433a9-0da0-4fd5-af57-ddfb321fc525,c39c4afa-010e-41da-a1c4-020fe349c7a3,4G,1073,1074,105.48,"LINESTRING (1.305319773 38.98952019, 1.3172790345037946 38.98694453062616)",True,3,1
d94433a9-0da0-4fd5-af57-ddfb321fc525,0b7e128c-f459-4d22-815f-0e5edbf9bf06,3G,2568,2569,206.45,"LINESTRING (1.305319773 38.98952019, 1.2920899576282965 38.968846448477805)",True,3,3
f5d03633-ba23-4de9-80ea-e5ae1b82acfa,513c3ccb-6937-45ba-8f49-e8b7bb12423a,4G,1368,1368,227.8,"LINESTRING (1.331319864 38.95013868, 1.3196026159899563 38.941873273730245)",True,3,2
f5d03633-ba23-4de9-80ea-e5ae1b82acfa,6bcfa4f5-5adb-4667-9789-73b22a9a1af9,4G,1327,1327,68.49,"LINESTRING (1.331319864 38.95013868, 1.3455941961097526 38.9545135868109)",True,3,1
f5d03633-ba23-4de9-80ea-e5ae1b82acfa,c792a57c-917b-4ecf-8e8f-c89f26361d6b,4G,2406,2409,239.02,"LINESTRING (1.331319864 38.95013868, 1.3074686023842217 38.93899999540557)",True,3,3
d56c4db0-7934-4d78-a43e-f606e2ebe9d2,651afcc4-0f76-4a75-bfde-3a06870320af,3G,621,623,74.24,"LINESTRING (1.517970918 39.11067597, 1.5248926836203216 39.11219097837116)",True,3,1
d56c4db0-7934-4d78-a43e-f606e2ebe9d2,c5881d54-2dac-4a3e-ae5f-96e274ef6ff3,3G,847,849,86.65,"LINESTRING (1.517970918 39.11067597, 1.5277717420258916 39.11112045797932)",True,3,2
d56c4db0-7934-4d78-a43e-f606e2ebe9d2,316c680a-a233-4552-a65b-c1e913f033d9,4G,3906,3911,229.45,"LINESTRING (1.517970918 39.11067597, 1.4835831271086062 39.08783409520887)",True,3,3
9197581a-d64d-40ee-964b-f6c1822fd28f,b73da8f1-6805-465c-813c-48d491331849,3G,979,979,75.21,"LINESTRING (1.408158651 38.97918087, 1.4191074273650623 38.98142782247335)",True,3,1
9197581a-d64d-40ee-964b-f6c1822fd28f,0222b6a7-350c-46b2-95fd-a3e1c61ee847,4G,2625,2625,96.11,"LINESTRING (1.408158651 38.97918087, 1.4383532678871531 38.97666489861615)",True,3,2
9197581a-d64d-40ee-964b-f6c1822fd28f,23131082-f9bf-4ab5-91b3-23111c4bf241,4G,2735,2735,112.8,"LINESTRING (1.408158651 38.97918087, 1.437323756024553 38.96964746065793)",True,3,3
563a183d-5d94-4e7f-810c-b5bf6d28a766,c792a57c-917b-4ecf-8e8f-c89f26361d6b,4G,538,539,2.9,"LINESTRING (1.307153307 38.93416638, 1.3074686023842217 38.93899999540557)",True,3,1
563a183d-5d94-4e7f-810c-b5bf6d28a766,9429f910-1d6b-4e52-8bb4-6f331d21e7ee,4G,8329,8330,32.41,"LINESTRING (1.307153307 38.93416638, 1.3588171033359042 38.99738951073758)",True,3,2
563a183d-5d94-4e7f-810c-b5bf6d28a766,51d1fd1e-9f9f-4306-86ce-b481ea158cbc,4G,9839,9839,22.96,"LINESTRING (1.307153307 38.93416638, 1.3515741537134394 39.01563357695425)",True,3,3
9b09549f-3f66-4a26-beda-db793cd49363,2fb90cc1-38d3-4aa7-951c-b9a823a63822,4G,11719,11721,61.61,"LINESTRING (1.246525267 38.96195614, 1.3658495004119788 39.01200672696945)",True,1,1
a7a55e1e-6078-4457-89fd-ab69814da42e,f7412e93-8fb4-4abf-a298-8fb0876a97f5,4G,2869,2869,216.93,"LINESTRING (1.57884222 39.01508425, 1.5588949736709776 38.994459016552206)",True,2,1
a7a55e1e-6078-4457-89fd-ab69814da42e,4ea23bde-9f03-4e96-871d-59276323e1c2,3G,4142,4142,223.1,"LINESTRING (1.57884222 39.01508425, 1.546099731137311 38.98788510647062)",True,2,2
85495887-5439-4f49-82a9-8e0a031b9dc4,ee9e81d8-fc1f-4eb0-96f1-ffb8de6628ee,4G,1287,1289,94.37,"LINESTRING (1.230029032 38.89004912, 1.2448530668583109 38.88916740038928)",True,2,1
85495887-5439-4f49-82a9-8e0a031b9dc4,227de9dd-240d-47c6-a2f6-91f1fc9a77e8,4G,3321,3323,14.81,"LINESTRING (1.230029032 38.89004912, 1.239843424607913 38.91892195006387)",True,2,2
798ec30c-be58-4b93-9ebb-e6979cf73336,1f80e199-c0dd-4090-944a-d857d689ee0f,3G,4117,4120,149.03,"LINESTRING (1.301800572 38.90393963, 1.3262742986742686 38.8721881823533)",True,2,1
798ec30c-be58-4b93-9ebb-e6979cf73336,4de24eb6-f9ad-4f93-95ea-d39d19d57de0,4G,8159,8161,106.46,"LINESTRING (1.301800572 38.90393963, 1.3922060476891158 38.88311876253912)",True,2,2
96f84def-7438-4e29-b45b-3368a83544ca,4ea23bde-9f03-4e96-871d-59276323e1c2,3G,465,465,90.96,"LINESTRING (1.540723947 38.98795524, 1.546099731137311 38.98788510647062)",True,3,1
96f84def-7438-4e29-b45b-3368a83544ca,19d2196d-3b4a-4dea-b5f2-ad9280714af0,3G,1601,1601,229.09,"LINESTRING (1.540723947 38.98795524, 1.5267274282618262 38.978525665695)",True,3,2
96f84def-7438-4e29-b45b-3368a83544ca,f7412e93-8fb4-4abf-a298-8fb0876a97f5,4G,1729,1729,65.27,"LINESTRING (1.540723947 38.98795524, 1.5588949736709776 38.994459016552206)",True,3,3
